subject_code,skill_code,parent_code,grade_level,name
ค,ค 1.1,,,"มาตรฐาน ค 1.1 เข้าใจความหลากหลายของการแสดงจำนวน ระบบจำนวน การดำเนินการของจำนวน ผลที่เกิดขึ้นจากการดำเนินการ สมบัติของการดำเนินการ และนำไปใช้"
ค,ค 1.1 ป.5/1,ค 1.1,5,แสดงวิธีหาคำตอบของโจทย์ปัญหาการบวก การลบ การคูณ การหารเศษส่วนและจำนวนคละ
ค,ค 1.1 ป.5/2,ค 1.1,5,เขียนเศษส่วนที่มีตัวส่วนเป็นพหุคูณของ 10 หรือ 100 ในรูปทศนิยม
ค,ค 1.1 ป.5/3,ค 1.1,5,แสดงวิธีหาคำตอบของโจทย์ปัญหาโดยใช้บัญญัติไตรยางศ์
ค,ค 1.1 ป.5/4,ค 1.1,5,หาผลบวก ผลลบของเศษส่วนและจำนวนคละ
ค,ค 1.1 ป.5/5,ค 1.1,5,หาผลคูณ ผลหารของเศษส่วนและจำนวนคละ
ค,ค 1.1 ป.5/6,ค 1.1,5,หาผลคูณของทศนิยมที่ผลคูณเป็นทศนิยมไม่เกิน 3 ตำแหน่ง
ค,ค 1.1 ป.5/7,ค 1.1,5,แสดงวิธีหาคำตอบของโจทย์ปัญหาการบวก การลบ การคูณ การหารทศนิยม 2 ขั้นตอน
ค,ค 1.1 ป.5/8,ค 1.1,5,แสดงวิธีหาคำตอบของโจทย์ปัญหาร้อยละไม่เกิน 2 ขั้นตอน
ค,ค 2.1 ป.5/1,,5,แสดงวิธีหาคำตอบของโจทย์ปัญหาเกี่ยวกับความยาวที่มีการเปลี่ยนหน่วยและเขียนในรูปทศนิยม
ค,ค 2.2 ป.5/1,,5,สร้างเส้นตรงหรือส่วนของเส้นตรงให้ขนานกับเส้นตรงหรือส่วนของเส้นตรงที่กำหนดให้
ว,ว 1.1 ป.5/1,,5,บรรยายโครงสร้างและลักษณะของสิ่งมีชีวิตที่เหมาะสมกับการดำรงชีวิตซึ่งเป็นผลมาจากการปรับตัวของสิ่งมีชีวิตในแต่ละแหล่งที่อยู่
ว,ว 2.1 ป.5/1,,5,อธิบายการเปลี่ยนสถานะของสสารเมื่อทำให้สสารร้อนขึ้นหรือเย็นลงโดยใช้หลักฐานเชิงประจักษ์
